PaulKinlan|Paul Kinlan|441|https://github.com/PaulKinlan
frabcus|Francis Irving|85|https://github.com/frabcus
sanchothefat|Robert O'Rourke|49|https://github.com/sanchothefat
amcewen|Adrian McEwen|17|https://github.com/amcewen
Omertron|Stuart Boston|14|https://github.com/Omertron
markwilson|Mark Wilson|14|https://github.com/markwilson
andrewbolster|Andrew Bolster|12|https://github.com/andrewbolster
OddEssay|Paul Freeman|11|https://github.com/OddEssay
PartTimeLegend|Antony Bailey|11|https://github.com/PartTimeLegend
Prashles2|Prash|9|https://github.com/Prashles2
KevinJump|Kevin Jump|9|https://github.com/KevinJump
mowen|Martin Owen|9|https://github.com/mowen
jacksoncharles|Charles Jackson|8|https://github.com/jacksoncharles
SofiaRose|Sofia Rose|8|https://github.com/SofiaRose
tiagoantao|Tiago Antao|8|https://github.com/tiagoantao
tategallery|Tate|16|https://github.com/tategallery
psolar|Pablo Solar Vilariño|6|https://github.com/psolar
StuartRayson|Stuart Rayson|6|https://github.com/StuartRayson
rseal|Ryan Seal|6|https://github.com/rseal
ashleyconnor|Ashley Connor|6|https://github.com/ashleyconnor
sean-duffy|Sean Duffy|6|https://github.com/sean-duffy
scraperdragon|Dragon Dave McKee|6|https://github.com/scraperdragon
iamphill|Phil Hughes|6|https://github.com/iamphill
simonholgate|Simon Holgate|5|https://github.com/simonholgate
psaunders88|Paul Saunders|5|https://github.com/psaunders88
eugenekn|Eugene K|5|https://github.com/eugenekn
rabus|Adam Rabiega|5|https://github.com/rabus
rahulsavani|Rahul Savani|5|https://github.com/rahulsavani
bjmorgan|Benjamin Morgan|5|https://github.com/bjmorgan
paulccarey|Paul Carey|5|https://github.com/paulccarey
goatchurchprime|Julian Todd|6|https://github.com/goatchurchprime
carlowens|Carl Owens|4|https://github.com/carlowens
jonpauldavies|Jon Paul Davies|4|https://github.com/jonpauldavies
alexsingleton|Alex Singleton|4|https://github.com/alexsingleton
paulfurley|Paul M Furley|4|https://github.com/paulfurley
CLGREEN94|Callum |3|https://github.com/CLGREEN94
tthew|Matt Richards|3|https://github.com/tthew
norru|Nicola Orrù|3|https://github.com/norru
mikeyologi|Michael Wrigglesworth|3|https://github.com/mikeyologi
Pepsi1x1|David Thompson|3|https://github.com/Pepsi1x1
seawolf|ben|3|https://github.com/seawolf
Basel88|Basel Abu Jamous|2|https://github.com/Basel88
cth3403|Joe Schulkins|2|https://github.com/cth3403
Elziah|Paul McDonough|2|https://github.com/Elziah
jnewc|Jack Newcombe|2|https://github.com/jnewc
BananaIguana|Ian Sidor|2|https://github.com/BananaIguana
llewelld|David Llewellyn-Jones|2|https://github.com/llewelld
stevebradshaw|Steve Bradshaw|2|https://github.com/stevebradshaw
tomdiggle|Tom Diggle|2|https://github.com/tomdiggle
jamieisboss|Jamie Roberts|2|https://github.com/jamieisboss
djandyr|Andy Roberts|2|https://github.com/djandyr
Zaylril|Richard Thompson|2|https://github.com/Zaylril
DarrylBayliss|Darryl Bayliss|2|https://github.com/DarrylBayliss
daniel-clarke|Daniel Clarke|2|https://github.com/daniel-clarke
philleonard|Philip Leonard|2|https://github.com/philleonard
mikedhart|Mike Hart|2|https://github.com/mikedhart
calcock|Chris Alcock|1|https://github.com/calcock
trendstar|Glen Bulmer|1|https://github.com/trendstar
MaryAnneee|Mary Anne|2|https://github.com/MaryAnneee
CraigSuddo|Craig Suddo|1|https://github.com/CraigSuddo
chrisbod|Christian Bodart|1|https://github.com/chrisbod
NateFlynn|Nate Flynn|1|https://github.com/NateFlynn
Gravecat|Tom Simmons|1|https://github.com/Gravecat
mandogroup|Mando|0|https://github.com/mandogroup
tristanojbacon|Tristan Bacon|1|https://github.com/tristanojbacon
heatherlump|Heather Duvall|1|https://github.com/heatherlump
dannybeckett|Danny Beckett|1|https://github.com/dannybeckett
27escape|Kevin Mulholland|1|https://github.com/27escape
quantumrain|Stephen Cakebread|1|https://github.com/quantumrain
dorzey|Paul Doran|1|https://github.com/dorzey
psdesignuk|Phil Stringfellow|1|https://github.com/psdesignuk
ricardolpd|Ricardo Duarte|1|https://github.com/ricardolpd
nitsuga|Eric Schneider|1|https://github.com/nitsuga
greatkingrat|Craig Fitzpatrick|1|https://github.com/greatkingrat
HammyHavoc|Hammy Havoc|1|https://github.com/HammyHavoc
davidkslack|Dave|1|https://github.com/davidkslack
zakstar123456789|Zak Knapper|1|https://github.com/zakstar123456789
AndyStewart|Andrew Stewart|1|https://github.com/AndyStewart
davidbullock|David Bullock|1|https://github.com/davidbullock
Vanggellis|Steven Brown|1|https://github.com/Vanggellis
kamilbrk|Kamil Burek|1|https://github.com/kamilbrk
breakbeatkid|Article Productions|1|https://github.com/breakbeatkid
TomFromThePool|Tom Halligan|1|https://github.com/TomFromThePool
markwalsh-liverpool|Mark Walsh|1|https://github.com/markwalsh-liverpool
DropdeadFredd|Fred Farmer|1|https://github.com/DropdeadFredd
Damibu|Dave Burrows|1|https://github.com/Damibu
alandunning|Alan Dunning|1|https://github.com/alandunning
philwieland|Phil Wieland|1|https://github.com/philwieland
Sean-Wright|Sean|1|https://github.com/Sean-Wright
markhigham|Mark Higham|1|https://github.com/markhigham
rjschu|Roy Schumacher|1|https://github.com/rjschu
adamquaile|Adam Quaile|1|https://github.com/adamquaile
diegoarcega|Diego Arcega|1|https://github.com/diegoarcega
ForbiddenDestiny|Manda|0|https://github.com/ForbiddenDestiny
weddingphotocheshire|Sarah Mcdonnell|0|https://github.com/weddingphotocheshire
RichWithey|Richard Withey|0|https://github.com/RichWithey
fisayo|Oluwafisayo Babatunde|0|https://github.com/fisayo
srycyk|Stephen Rycyk|0|https://github.com/srycyk
Pyro36|Sev7-n|0|https://github.com/Pyro36
chrisbrunsdon|Chris Brunsdon|0|https://github.com/chrisbrunsdon
DuncN|Duncan|0|https://github.com/DuncN
hogrocket|Hogrocket|0|https://github.com/hogrocket
tshannon|Thom Shannon|0|https://github.com/tshannon
Xolani|Ben Owen|0|https://github.com/Xolani
Praxiss|Pete|0|https://github.com/Praxiss
madebyjam|JAM|0|https://github.com/madebyjam
teejay-liverpool|Tim Jones|0|https://github.com/teejay-liverpool
AmzBee|Aimee Bailey|0|https://github.com/AmzBee
michaelbyng|Michael Cockle|0|https://github.com/michaelbyng
FizzyPopApps|Fizzy Pop Apps|0|https://github.com/FizzyPopApps
fetaera|Martin Tee|1|https://github.com/fetaera
paulcollister|Paul Collister|0|https://github.com/paulcollister
am-doherty|Anthony Doherty|0|https://github.com/am-doherty
OwenPierce|Owen Pierce|0|https://github.com/OwenPierce
sonic1981|Liam Hughes|0|https://github.com/sonic1981
DeviateDefiant|Ralph Leo Bennett|0|https://github.com/DeviateDefiant
rmg12gra|Ross|0|https://github.com/rmg12gra
dequ|Neil Connolly|0|https://github.com/dequ
stetodd|Steve Todd|0|https://github.com/stetodd
EddyOS|Ed O'Sullivan|0|https://github.com/EddyOS
hammie10000|Hammie Hamster|0|https://github.com/hammie10000
ArcticWarriors|Arctic Warriors|0|https://github.com/ArcticWarriors
garyevo|Gary|0|https://github.com/garyevo
takeshawilson1972|takesha wilson|0|https://github.com/takeshawilson1972
mnick77phaedrus|Martin Nicholas|0|https://github.com/mnick77phaedrus
cwidd89|Chris Widdowson|0|https://github.com/cwidd89
moocowmaniak|Dan|0|https://github.com/moocowmaniak
Josherm|Josh McCann|0|https://github.com/Josherm
prawlings|Paul Rawlings|0|https://github.com/prawlings
yardbritishmusicnetwork|stephen browne|0|https://github.com/yardbritishmusicnetwork
RikBardrof|Rik Bardrof|0|https://github.com/RikBardrof
qirepaulb|Paul Banham|0|https://github.com/qirepaulb
MethodDan|Dan Lynch|0|https://github.com/MethodDan
studiotalker|MyStudioTools Ltd|0|https://github.com/studiotalker
mareloange|Marchessaux|0|https://github.com/mareloange
fpdevpair|Football Pools Dev Pair|0|https://github.com/fpdevpair
sukiloves|Sue McMahon|0|https://github.com/sukiloves
msendall|Megan Sendall|0|https://github.com/msendall
amnlonde09|Ramon Londe|0|https://github.com/amnlonde09
Kate2000|Kate North|0|https://github.com/Kate2000
liammcdee|Liam|0|https://github.com/liammcdee
Simown|Peter Gatens|0|https://github.com/Simown
seawolfsanctuary|the seawolfsanctuary|0|https://github.com/seawolfsanctuary
fact-liverpool|FACT|0|https://github.com/fact-liverpool
garypretty|Gary Pretty|1|https://github.com/garypretty
mcqn|MCQN Ltd|0|https://github.com/mcqn
LisaRoberts|Lisa Roberts|0|https://github.com/LisaRoberts
joewellmade|Joseph Bramall|0|https://github.com/joewellmade
oddjones|Dominic Jones|0|https://github.com/oddjones
Mashbo|Studio Mashbo|0|https://github.com/Mashbo
SoTotallyXray|None|0|https://github.com/SoTotallyXray
lholding-ripple|Liam Holding|0|https://github.com/lholding-ripple
designfunction|Steven Hassall|0|https://github.com/designfunction
DimensionalWave|Dimensional Wave|0|https://github.com/DimensionalWave
evoactivity|Liam Potter|0|https://github.com/evoactivity
merseyinternet|Mike Kay|0|https://github.com/merseyinternet
dragonballs|DONG Keren|3|https://github.com/dragonballs
darkwaterfoundation|Dark Water|0|https://github.com/darkwaterfoundation
benringham|Ben Ringham|0|https://github.com/benringham
phasmauk|Martin Tee|0|https://github.com/phasmauk
GroovyCarrot|Jake Wise|0|https://github.com/GroovyCarrot
DreamHomeShop|DreamHomeShop|0|https://github.com/DreamHomeShop
thisisblend|Darren Roberts|0|https://github.com/thisisblend
keithmkennedy|Keith Kennedy|0|https://github.com/keithmkennedy
mrblackmore|mrblackmore|0|https://github.com/mrblackmore
richardyu807|Renzhi Yu|0|https://github.com/richardyu807
markdelf|Mark Camilleri|0|https://github.com/markdelf
GeorgeParry|George Parry|0|https://github.com/GeorgeParry
AFullam|Andrew Fullam|0|https://github.com/AFullam
alexeiboronnikov|Alexei Boronnikov|0|https://github.com/alexeiboronnikov
kevhyl|Kevin|0|https://github.com/kevhyl
yifanzhou28||0|https://github.com/yifanzhou28
stevetimmis|Steve Timmis|0|https://github.com/stevetimmis
Keanu73|Keanu73|0|https://github.com/Keanu73
bangdigital|John, Bang Digital|0|https://github.com/bangdigital
nlaw2001|Norman Lawler|0|https://github.com/nlaw2001
AdamK117|Adam Kewley|0|https://github.com/AdamK117
warren-lockhart|Warren Lockhart|0|https://github.com/warren-lockhart
martinjkelly|Martin Kelly|0|https://github.com/martinjkelly
JPHEFC|John|0|https://github.com/JPHEFC
interconnectit|None|0|https://github.com/interconnectit
hunserwiz|Mix Skyline|0|https://github.com/hunserwiz
errorstudio|Error Creative Studio|0|https://github.com/errorstudio
mmather|Mark Mather|0|https://github.com/mmather
jcormack|Jereth Cormack|0|https://github.com/jcormack
CraigEge|Craig Egerton|0|https://github.com/CraigEge
SamRyecroft|Samuel Peter Ryecroft|0|https://github.com/SamRyecroft
sm9|Stephen McIver|0|https://github.com/sm9
itsmellor|Itsmellor|0|https://github.com/itsmellor
EddieVanHalen98|Muhammad Saeed|0|https://github.com/EddieVanHalen98
ronieybutler|Roniey Butler|0|https://github.com/ronieybutler
jchown|None|0|https://github.com/jchown
GLOKON|GLOKON|0|https://github.com/GLOKON
sealevelresearch|Sea Level Research Ltd|0|https://github.com/sealevelresearch
jfwright|James|0|https://github.com/jfwright
sleeveroller|John Church|0|https://github.com/sleeveroller
jamesicon|Jim Taylor|0|https://github.com/jamesicon
mjjames|Michael James|0|https://github.com/mjjames
VaFancy||0|https://github.com/VaFancy
racheljorden|Rachel Jorden|0|https://github.com/racheljorden
jchown|None|0|https://github.com/jchown
DementedPixel|Brian Walsh|0|https://github.com/DementedPixel
warrantgroup|Warrant Group Ltd|0|https://github.com/warrantgroup
amcguire62|aidan|0|https://github.com/amcguire62
itsmellor|Itsmellor|0|https://github.com/itsmellor
SamRyecroft|Samuel Peter Ryecroft|0|https://github.com/SamRyecroft
ronieybutler|Roniey Butler|0|https://github.com/ronieybutler
stupot42|Stuart Feltham|0|https://github.com/stupot42
watcanz|Jeffery Watkins|0|https://github.com/watcanz
Pebblo|Tony Warwick|0|https://github.com/Pebblo
PhilipJBeck|Philip Beck|0|https://github.com/PhilipJBeck
hrywlms|Harry Williams|0|https://github.com/hrywlms
eeuc40|Richie Hughes|0|https://github.com/eeuc40
gowens-inviqa|Graham Owens|0|https://github.com/gowens-inviqa
WowMuchPool|WowMuchPool.com|0|https://github.com/WowMuchPool
Blue-82|Blue-82|0|https://github.com/Blue-82
carlosInviqa|Carlos|0|https://github.com/carlosInviqa
andrewdahison|andrewdahison|0|https://github.com/andrewdahison
zapptaa|Lee|0|https://github.com/zapptaa
renansdias|Renan Dias|0|https://github.com/renansdias
nerfmiester|Adrian Jackson|0|https://github.com/nerfmiester
mikehall314|Mike Hall|0|https://github.com/mikehall314
Composite-UK|Composite UK|0|https://github.com/Composite-UK
showFocus|Kevin|0|https://github.com/showFocus
glorb|Antoine Mouquod|0|https://github.com/glorb
steNinja|Steven Hassall|0|https://github.com/steNinja
mynameschris|Chris Walton|0|https://github.com/mynameschris
ben-maxweb|Ben Colegate|0|https://github.com/ben-maxweb
DanCarlyon|Dan Carlyon|0|https://github.com/DanCarlyon
uspcreative|USP Creative|0|https://github.com/uspcreative
scraperwiki|ScraperWiki|0|https://github.com/scraperwiki
DanielJay|Daniel|0|https://github.com/DanielJay
Collabco|Collabco|0|https://github.com/Collabco
DynamicDevices|Dynamic Devices|0|https://github.com/DynamicDevices
richardw347|Richard Williams|0|https://github.com/richardw347
DoESLiverpool|DoES Liverpool|0|https://github.com/DoESLiverpool
TooKuelForSkuel|Jamie Kenyon|0|https://github.com/TooKuelForSkuel
JNKOjiaku|JNK Ojiaku|0|https://github.com/JNKOjiaku
Prashles|Prash|0|https://github.com/Prashles
dchan38098|Damian Chan|0|https://github.com/dchan38098
mattsalmon|Matt|0|https://github.com/mattsalmon
pjhauser|Phil Hauser|0|https://github.com/pjhauser
instinctivecreations|Instinctive Creations|0|https://github.com/instinctivecreations
Kittsy|Andy Kitts|0|https://github.com/Kittsy
divinci||0|https://github.com/divinci
gdmliam|Liam|0|https://github.com/gdmliam
r0bert0|Rob Black|0|https://github.com/r0bert0
mariodarco|Mario D'Arco|0|https://github.com/mariodarco
undefinedMethod|Chris Baker|0|https://github.com/undefinedMethod
PeterBroom|Peter Broom|0|https://github.com/PeterBroom
tomspooner|Tom Spooner|0|https://github.com/tomspooner
alibojar|Ali Bojarpour|0|https://github.com/alibojar
PartFire|PartFire Team|0|https://github.com/PartFire
keithjhardy|Keith J Hardy|0|https://github.com/keithjhardy
